filename,prefix,n_pages,sections,has_avail,has_dql,has_revision,has_fda_dosing,has_moa,has_known_kw,has_titled_generic,has_criteria,has_hcpcs,has_eua,has_fda_rx,has_nonpref,has_drug_equiv,has_medication_moa,has_condition_criteria,has_catch_all
ad_a001_administrativepolicy_nonparlab.pdf,ad,2,Coverage Policy → Overview → General Background → Definitions,False,False,False,False,False,False,False,False,False,False,False,False,False,False,False,False
ad_a002_administrativepolicy_home_birth.pdf,ad,6,Coverage Policy → Overview → General Background → References,False,False,False,False,False,False,False,False,False,False,False,False,False,False,False,False
ad_a003_administrativepolicy_clinical_trials.pdf,ad,6,Coverage Policy → Overview → General Background → Coding Information → References,False,False,False,False,False,False,False,False,True,False,False,False,False,False,False,False
ad_a004_administrativepolicy_preventive_care_services.pdf,ad,49,Coverage Policy → Coding Information → General Background → Health Equity Considerations → References,False,False,False,False,False,False,False,False,True,False,False,False,False,False,False,True
ad_a005_administrativepolicy_emergency_services.pdf,ad,3,Coverage Policy → Overview → References,False,False,False,False,False,False,False,False,False,False,False,False,False,False,False,False
ad_a006_administrativepolicy_abortion.pdf,ad,5,Coverage Policy → Overview → General Background → Coding Information → References,False,False,False,False,False,False,False,False,True,False,False,False,False,False,False,True
ad_a012_administrativepolicy_custodial_and_non-skilled_services.pdf,ad,4,Coverage Policy → Overview → Background → Coding Information → References,False,False,False,False,False,False,False,False,True,False,False,False,False,False,False,False
ad_a015_administrativepolicy_behavioral_health_coaching_and_peer_support_services.pdf,ad,3,Coverage Policy → Overview → General Background → Coding Information → References,False,False,False,False,False,False,False,False,True,False,False,False,False,False,False,True
ad_a022_administrativepolicy_enteral_formula_and_supplies.pdf,ad,3,Coverage Policy → Overview → Coding Information,False,False,False,False,False,False,False,False,True,False,False,False,False,False,False,False
cpg024_acupuncture.pdf,cpg024,43,INSTRUCTIONS FOR USE → GUIDELINES → GENERAL BACKGROUND → Coding Information → References,False,False,False,False,False,False,False,False,True,False,False,False,False,False,False,True
cpg030_laser_therapy.pdf,cpg030,38,INSTRUCTIONS FOR USE → GUIDELINES → Coding Information → GENERAL BACKGROUND → References,False,False,False,False,False,False,False,False,True,False,False,False,False,False,False,False
cpg038_spinal_ultrasound.pdf,cpg038,12,INSTRUCTIONS FOR USE → GUIDELINES → GENERAL BACKGROUND → Coding Information → References,False,False,False,False,False,False,False,False,True,False,False,False,False,False,False,True
cpg111_patient_assessment.pdf,cpg111,16,GUIDELINES → References,False,False,False,False,False,False,False,False,True,False,False,False,False,False,False,True
cpg129_emg_ncv_ssep.pdf,cpg129,66,INSTRUCTIONS FOR USE → GUIDELINES → GENERAL BACKGROUND → Coding Information → References,False,False,False,False,False,False,True,False,True,False,False,False,False,False,False,True
cpg135_physical_therapy.pdf,cpg135,44,INSTRUCTIONS FOR USE → GUIDELINES → Coding Information → GENERAL BACKGROUND → References,False,False,False,False,False,False,False,False,True,False,False,False,False,False,False,True
cpg143_strapping_taping.pdf,cpg143,56,INSTRUCTIONS FOR USE → GUIDELINES → GENERAL BACKGROUND → Coding Information → References,False,False,False,False,False,False,False,False,True,False,False,False,False,False,False,True
cpg146_man_musc_tstg_rom.pdf,cpg146,4,INSTRUCTIONS FOR USE → GUIDELINES → GENERAL BACKGROUND → Coding Information → References,False,False,False,False,False,False,False,False,True,False,False,False,False,False,False,False
cpg149_sit_ait_fc.pdf,cpg149,19,GUIDELINES → GENERAL BACKGROUND → Coding Information → References,False,False,False,False,False,False,False,False,True,False,False,False,False,False,False,True
cpg155_occupational_therapy.pdf,cpg155,37,INSTRUCTIONS FOR USE → GUIDELINES → Coding Information → GENERAL BACKGROUND → References,False,False,False,False,False,False,False,False,True,False,False,False,False,False,False,True
cpg157_complex_lymphedema_treatment.pdf,cpg157,26,INSTRUCTIONS FOR USE → GUIDELINES → GENERAL BACKGROUND → Coding Information → References,False,False,False,False,False,False,False,False,True,False,False,False,False,False,False,False
cpg265_home_traction_device.pdf,cpg265,10,INSTRUCTIONS FOR USE → GUIDELINES → GENERAL BACKGROUND → Coding Information → References,False,False,False,False,False,False,False,False,True,False,False,False,False,False,False,True
cpg270_cognitive_rehab.pdf,cpg270,38,INSTRUCTIONS FOR USE → GUIDELINES → GENERAL BACKGROUND → Coding Information → References,False,False,False,False,False,False,False,False,True,False,False,False,False,False,False,False
cpg272_electric_stim_clinic.pdf,cpg272,58,INSTRUCTIONS FOR USE → Coverage Policy → GENERAL BACKGROUND → Coding Information → References,False,False,False,False,False,False,False,False,True,False,False,False,False,False,False,False
cpg275_axial_spinal_decomp_mechanical_traction.pdf,cpg275,17,GUIDELINES → GENERAL BACKGROUND → Coding Information → References,False,False,False,False,False,False,False,False,True,False,False,False,False,False,False,False
cpg278_chiropractic_care.pdf,cpg278,32,INSTRUCTIONS FOR USE → GUIDELINES → Coding Information → GENERAL BACKGROUND → References,False,False,False,False,False,False,False,False,True,False,False,False,False,False,False,True
cpg294_biofeedback.pdf,cpg294,50,INSTRUCTIONS FOR USE → GUIDELINES → Coding Information → GENERAL BACKGROUND → References,False,False,False,False,False,False,False,False,True,False,False,False,False,False,False,False
cpg295_ppt.pdf,cpg295,11,INSTRUCTIONS FOR USE → GUIDELINES → Coding Information → GENERAL BACKGROUND → References,False,False,False,False,False,False,False,False,True,False,False,False,False,False,False,True
en_mm_0086_coveragepositioncriteria_complementary_and_alternative_medicine.pdf,en,82,Coverage Policy → INSTRUCTIONS FOR USE → Overview → Coverage Policy → Coding Information → Coverage Policy → General Background → Health Equity Considerations → Medicare Coverage Determinations → References → Revision Details,False,False,True,False,False,False,False,False,True,False,False,False,False,False,False,True
en_mm_0258_coveragepositioncriteria_neuropsychological_testing.pdf,en,32,Coverage Policy → INSTRUCTIONS FOR USE → Overview → Coverage Policy → Health Equity Considerations → General Background → Medicare Coverage Determinations → Coding Information → References → Revision Details,False,False,True,False,False,False,False,False,True,False,False,False,False,False,False,True
en_mm_0383_coveragepositioncriteria_transcranial_magnetic_stimulation.pdf,en,49,Coverage Policy → INSTRUCTIONS FOR USE → Overview → Coverage Policy → Coding Information → General Background → Health Equity Considerations → Medicare Coverage Determinations → References → Revision Details,False,False,True,False,False,False,False,False,True,False,False,False,False,False,False,True
en_mm_0499_coveragepositioncriteria_intensive_behavioral_interventions.pdf,en,26,Coverage Policy → INSTRUCTIONS FOR USE → Overview → Coverage Policy → Coding Information → General Background → Health Equity Considerations → References → Revision Details,False,False,True,False,False,False,False,False,True,False,False,False,False,False,False,True
hm_cln_037_transition_to_or_from_a_group_benefit_plan_serviced_by_bh_policy.pdf,hm,8,Scope → General Background → Definitions → State/Federal Compliance → Procedure,False,False,False,False,False,False,False,False,False,False,False,False,False,False,False,False
hm_cln_038_continuity_of_care_service_requests_policy.pdf,hm,10,Scope → General Background → Definitions → State/Federal Compliance → Procedure,False,False,False,False,False,False,False,False,False,False,False,False,False,False,False,False
hm_cln_045_behavioral_lack_of_information_policy.pdf,hm,6,Scope → General Background → Definitions → State/Federal Compliance → Procedure,False,False,False,False,False,False,False,False,False,False,False,False,False,False,False,False
mm_0004_coveragepositioncriteria_eswt_for_musculoskeletal_conditions.pdf,mm,31,Coverage Policy → INSTRUCTIONS FOR USE → Overview → Coverage Policy → Coding Information → General Background → Health Equity Considerations → Medicare Coverage Determinations → References → Revision Details,False,False,True,False,False,False,False,False,True,False,False,False,False,False,False,True
mm_0011_coveragepositioncriteria_transcatheter_closure_septal_defects_pfo.pdf,mm,30,Coverage Policy → INSTRUCTIONS FOR USE → Overview → Coverage Policy → Coding Information → General Background → Health Equity Considerations → Medicare Coverage Determinations → References → Revision Details,False,False,True,False,False,False,False,False,True,False,False,False,False,False,False,True
mm_0013_coveragepositioncriteria_endometrial_ablation.pdf,mm,12,Coverage Policy → INSTRUCTIONS FOR USE → Overview → Coverage Policy → Coding Information → General Background → Health Equity Considerations → Medicare Coverage Determinations → References → Revision Details,False,False,True,False,False,False,False,False,True,False,False,False,False,False,False,True
mm_0019_coveragepositioncriteria_endoscopic_treatment_for_gerd.pdf,mm,64,Coverage Policy → INSTRUCTIONS FOR USE → Overview → Coverage Policy → Health Equity Considerations → General Background → Medicare Coverage Determinations → Coding Information → References → Revision Details,False,False,True,False,False,False,False,False,True,False,False,False,False,False,False,True
mm_0027_coveragepositioncriteria_abdominoplasty_and_panniculectomy.pdf,mm,10,Coverage Policy → INSTRUCTIONS FOR USE → Overview → Coverage Policy → Health Equity Considerations → General Background → Medicare Coverage Determinations → Coding Information → References → Revision Details,False,False,True,False,False,False,False,False,True,False,False,False,False,False,False,True
mm_0028_coveragepositioncriteria_plasma_brain_natriuetic_peptide.pdf,mm,19,Coverage Policy → INSTRUCTIONS FOR USE → Overview → Coverage Policy → Coding Information → General Background → Health Equity Considerations → Medicare Coverage Determinations → Appendix → References → Revision Details,False,False,True,False,False,False,False,False,True,False,False,False,False,False,False,True
mm_0030_coveragepositioncriteria_wheelchairs_power_operated_vehicles.pdf,mm,43,Coverage Policy → INSTRUCTIONS FOR USE → Overview → Coverage Policy → Health Equity Considerations → General Background → Medicare Coverage Determinations → Coding Information → References → Revision Details,False,False,True,False,False,False,False,False,True,False,False,False,False,False,False,True
mm_0035_coveragepositioncriteria_viscocanolostomy.pdf,mm,28,Coverage Policy → INSTRUCTIONS FOR USE → Overview → Coverage Policy → Health Equity Considerations → General Background → Medicare Coverage Determinations → Coding Information → References → Revision Details,False,False,True,False,False,False,False,False,True,False,False,False,False,False,False,True
mm_0037_coveragepositioncriteria_endoscopic_sympathectomy_for_hyperhidrosis.pdf,mm,13,Coverage Policy → INSTRUCTIONS FOR USE → Overview → Coverage Policy → Coding Information → General Background → Health Equity Considerations → Medicare Coverage Determinations → References → Revision Details,False,False,True,False,False,False,False,False,True,False,False,False,False,False,False,True
mm_0045_coveragepositioncriteria_blepharoplasty.pdf,mm,14,Coverage Policy → INSTRUCTIONS FOR USE → Overview → Coverage Policy → Health Equity Considerations → General Background → Medicare Coverage Determinations → Coding Information → References → Revision Details,False,False,True,False,False,False,False,False,True,False,False,False,False,False,False,True
mm_0048_coveragepositioncriteria_breast_implant_removal.pdf,mm,16,Coverage Policy → INSTRUCTIONS FOR USE → Overview → Coverage Policy → Health Equity Considerations → General Background → Medicare Coverage Determinations → Coding Information → References → Revision Details,False,False,True,False,False,False,False,False,True,False,False,False,False,False,False,True
mm_0049_coveragepositioncriteria_speech_generating_devices.pdf,mm,12,Coverage Policy → INSTRUCTIONS FOR USE → Overview → Coverage Policy → Coding Information → General Background → Health Equity Considerations → Medicare Coverage Determinations → References → Revision Details,False,False,True,False,False,False,False,False,True,False,False,False,False,False,False,True
mm_0051_coveragepositioncriteria_bariatric_surgery.pdf,mm,104,Coverage Policy → INSTRUCTIONS FOR USE → Overview → Coverage Policy → Coding Information → General Background → Health Equity Considerations → Medicare Coverage Determinations → References → Revision Details,False,False,True,False,False,False,False,False,True,False,False,False,False,False,False,True
mm_0052_coveragepositioncriteria_genetic_testing.pdf,mm,21,Coverage Policy → INSTRUCTIONS FOR USE → Overview → Coverage Policy → Health Equity Considerations → General Background → Medicare Coverage Determinations → Coding Information → References → Revision Details,False,False,True,False,False,False,False,False,True,False,False,False,False,False,False,True
mm_0053_coveragepositioncriteria_hyperbaric_oxygen.pdf,mm,40,Coverage Policy → INSTRUCTIONS FOR USE → Overview → Coverage Policy → Health Equity Considerations → General Background → Medicare Coverage Determinations → Coding Information → References → Revision Details,False,False,True,False,False,False,False,False,True,False,False,False,False,False,False,True
mm_0054_coveragepositioncriteria_vad.pdf,mm,28,Coverage Policy → INSTRUCTIONS FOR USE → Overview → Coverage Policy → Coding Information → General Background → Health Equity Considerations → Medicare Coverage Determinations → Appendix → References → Revision Details,False,False,True,False,False,False,False,False,True,False,False,False,False,False,False,True
mm_0057_coveragepositioncriteria_ductoscopy.pdf,mm,16,Coverage Policy → INSTRUCTIONS FOR USE → Overview → Coverage Policy → Coding Information → General Background → Health Equity Considerations → Medicare Coverage Determinations → References → Revision Details,False,False,True,False,False,False,False,False,True,False,False,False,False,False,False,True
mm_0058_coveragepositioncriteria_eecp.pdf,mm,16,Coverage Policy → INSTRUCTIONS FOR USE → Overview → Coverage Policy → Health Equity Considerations → General Background → Medicare Coverage Determinations → Appendix → Coding Information → References → Revision Details,False,False,True,False,False,False,False,False,True,False,False,False,False,False,False,True
mm_0063_coveragepositioncriteria_local_injection_therapy.pdf,mm,27,Coverage Policy → INSTRUCTIONS FOR USE → Overview → Coverage Policy → Health Equity Considerations → General Background → Medicare Coverage Determinations → Coding Information → References → Revision Details,False,False,True,False,False,False,False,False,True,False,False,False,False,False,False,True
mm_0064_coveragepositioncriteria_negative_pressure_vac.pdf,mm,26,Coverage Policy → INSTRUCTIONS FOR USE → Overview → Coverage Policy → Health Equity Considerations → General Background → Medicare Coverage Determinations → Coding Information → References → Revision Details,False,False,True,False,False,False,False,False,True,False,False,False,False,False,False,True
mm_0068_coveragepositioncriteria_woundhealing.pdf,mm,178,Coverage Policy → INSTRUCTIONS FOR USE → Overview → Coverage Policy → Coding Information → General Background → Health Equity Considerations → Medicare Coverage Determinations → References → Revision Details,False,False,True,False,False,False,True,False,True,False,False,False,False,False,False,True
mm_0069_coveragepositioncriteria_airway_clearance_devices.pdf,mm,17,Coverage Policy → INSTRUCTIONS FOR USE → Overview → Coverage Policy → Coding Information → General Background → Medicare Coverage Determinations → Health Equity Considerations → References → Revision Details,False,False,True,False,False,False,False,False,True,False,False,False,False,False,False,True
mm_0070_coveragepositioncriteria_allergy_testing.pdf,mm,25,Coverage Policy → INSTRUCTIONS FOR USE → Overview → Coverage Policy → Health Equity Considerations → General Background → Medicare Coverage Determinations → Coding Information → References → Revision Details,False,False,True,False,False,False,False,False,True,False,False,False,False,False,False,True
mm_0073_coveragepositioncriteria_cardiac_rehabilitation_phasetwo_outpatient.pdf,mm,22,Coverage Policy → INSTRUCTIONS FOR USE → Overview → Coverage Policy → Health Equity Considerations → General Background → Medicare Coverage Determinations → Coding Information → References → Revision Details,False,False,True,False,False,False,False,False,True,False,False,False,False,False,False,True
mm_0084_coveragepositioncriteria_bone_growth_stimulators.pdf,mm,13,Coverage Policy → INSTRUCTIONS FOR USE → Overview → Coverage Policy → Health Equity Considerations → General Background → Medicare Coverage Determinations → Coding Information → References → Revision Details,False,False,True,False,False,False,False,False,True,False,False,False,False,False,False,True
mm_0089_coveragepositioncriteria_infertility_diagnostic_and_treatment_services.pdf,mm,53,Coverage Policy → INSTRUCTIONS FOR USE → Overview → Coverage Policy → Health Equity Considerations → General Background → Medicare Coverage Determinations → Coding Information → References → Revision Details,False,False,True,False,False,False,False,False,True,False,False,False,False,False,False,True
mm_0093_coveragepositioncriteria_hearing_aids.pdf,mm,30,Coverage Policy → INSTRUCTIONS FOR USE → Overview → Coverage Policy → Health Equity Considerations → General Background → Medicare Coverage Determinations → Coding Information → References → Revision Details,False,False,True,False,False,False,False,False,True,False,False,False,False,False,False,True
mm_0097_coveragepositioncriteria_plantar_fasciitis_treatments.pdf,mm,33,Coverage Policy → INSTRUCTIONS FOR USE → Overview → Coverage Policy → Health Equity Considerations → General Background → Medicare Coverage Determinations → Coding Information → References → Revision Details,False,False,True,False,False,False,False,False,True,False,False,False,False,False,False,True
mm_0103_coveragepositioncriteria_enterra_therapy_gastric_pacing.pdf,mm,16,Coverage Policy → INSTRUCTIONS FOR USE → Overview → Coverage Policy → Coding Information → General Background → Health Equity Considerations → Medicare Coverage Determinations → References → Revision Details,False,False,True,False,False,False,False,False,True,False,False,False,False,False,False,True
mm_0106_coveragepositioncriteria_blood_glucose_monitors.pdf,mm,31,Coverage Policy → INSTRUCTIONS FOR USE → Overview → Coverage Policy → Coding Information → General Background → Health Equity Considerations → Medicare Coverage Determinations → References → Revision Details,False,False,True,False,False,False,False,False,True,False,False,False,False,False,False,True
mm_0118_coveragepositioncriteria_recombinant_human_bone_morphogenetic_protein.pdf,mm,17,Coverage Policy → INSTRUCTIONS FOR USE → Overview → Coverage Policy → Coding Information → General Background → Health Equity Considerations → Medicare Coverage Determinations → References → Revision Details,False,False,True,False,False,False,False,False,True,False,False,False,False,False,False,True
mm_0119_coveragepositioncriteria_rhinoseptoplasty.pdf,mm,27,Coverage Policy → INSTRUCTIONS FOR USE → Overview → Coverage Policy → Coding Information → General Background → Health Equity Considerations → Medicare Coverage Determinations → References → Revision Details,False,False,True,False,False,False,False,False,True,False,False,False,False,False,False,True
mm_0121_coveragepositioncriteria_serological_testing_for_ibd.pdf,mm,14,Coverage Policy → INSTRUCTIONS FOR USE → Overview → Coverage Policy → Coding Information → General Background → Health Equity Considerations → References → Revision Details,False,False,True,False,False,False,False,False,True,False,False,False,False,False,False,True
mm_0125_coveragepositioncriteria_intraocular_lens_implant.pdf,mm,16,Coverage Policy → INSTRUCTIONS FOR USE → Overview → Coverage Policy → Coding Information → General Background → Health Equity Considerations → Medicare Coverage Determinations → References → Revision Details,False,False,True,False,False,False,False,False,True,False,False,False,False,False,False,True
mm_0127_coveragepositioncriteria_cervical_cancer_screening_technologies.pdf,mm,13,Coverage Policy → INSTRUCTIONS FOR USE → Overview → Coverage Policy → Health Equity Considerations → General Background → Medicare Coverage Determinations → Coding Information → References → Revision Details,False,False,True,False,False,False,False,False,True,False,False,False,False,False,False,True
mm_0129_coveragepositioncriteria_heart_transplantation.pdf,mm,45,Coverage Policy → INSTRUCTIONS FOR USE → Overview → Coverage Policy → Health Equity Considerations → General Background → Medicare Coverage Determinations → Appendix → Coding Information → References → Revision Details,False,False,True,False,False,False,False,False,True,False,False,False,False,False,False,True
mm_0136_coveragepositioncriteria_nutritional_support.pdf,mm,10,Coverage Policy → INSTRUCTIONS FOR USE → Overview → Coverage Policy → Health Equity Considerations → General Background → Medicare Coverage Determinations → Coding Information → References → Revision Details,False,False,True,False,False,False,False,False,True,False,False,False,False,False,False,True
mm_0139_coveragepositioncriteria_invasive_treatment_for_back_pain.pdf,mm,7,Coverage Policy → INSTRUCTIONS FOR USE → Overview → Coverage Policy → Health Equity Considerations → General Background → Medicare Coverage Determinations → Coding Information → References → Revision Details,False,False,True,False,False,False,False,False,True,False,False,False,False,False,False,True
mm_0141_coveragepositioncriteria_corneal_remodeling.pdf,mm,18,Coverage Policy → INSTRUCTIONS FOR USE → Overview → Coverage Policy → Coding Information → General Background → Health Equity Considerations → Medicare Coverage Determinations → References → Revision Details,False,False,True,False,False,False,False,False,True,False,False,False,False,False,False,True
mm_0142_coveragepositioncriteria_routine_ultrasound_use_in_maternity_care_3d4d.pdf,mm,13,Coverage Policy → INSTRUCTIONS FOR USE → Overview → Coverage Policy → Health Equity Considerations → General Background → Medicare Coverage Determinations → Coding Information → References → Revision Details,False,False,True,False,False,False,False,False,True,False,False,False,False,False,False,True
mm_0146_coveragepositioncriteria_kidney_transplantation.pdf,mm,29,Coverage Policy → INSTRUCTIONS FOR USE → Overview → Coverage Policy → Coding Information → General Background → Health Equity Considerations → Medicare Coverage Determinations → Appendix → References → Revision Details,False,False,True,False,False,False,False,False,True,False,False,False,False,False,False,True
mm_0148_coveragepositioncriteria_colorectal_cancer_screening.pdf,mm,14,Coverage Policy → INSTRUCTIONS FOR USE → Overview → Coverage Policy → Coding Information → General Background → Health Equity Considerations → Medicare Coverage Determinations → References → Revision Details,False,False,True,False,False,False,False,False,True,False,False,False,False,False,False,True
mm_0152_coveragepositioncriteria_reduction_mammoplasty_for_macromastia.pdf,mm,12,Coverage Policy → INSTRUCTIONS FOR USE → Overview → Coverage Policy → Health Equity Considerations → General Background → Medicare Coverage Determinations → Appendix → Coding Information → References → Revision Details,False,False,True,False,False,False,False,False,True,False,False,False,False,False,False,True
mm_0153_coveragepositioncriteria_plasmapheresis.pdf,mm,32,Coverage Policy → INSTRUCTIONS FOR USE → Overview → Coverage Policy → Health Equity Considerations → General Background → Medicare Coverage Determinations → Coding Information → References → Revision Details,False,False,True,False,False,False,False,False,True,False,False,False,False,False,False,True
mm_0156_coveragepositioncriteria_tmj_disorder_surgery.pdf,mm,13,Coverage Policy → INSTRUCTIONS FOR USE → Overview → Coverage Policy → Coding Information → General Background → Health Equity Considerations → Medicare Coverage Determinations → References → Revision Details,False,False,True,False,False,False,False,False,True,False,False,False,False,False,False,True
mm_0158_coveragepositioncriteria_obstructive_sleep_apnea_diag_trtment_svc.pdf,mm,30,Coverage Policy → INSTRUCTIONS FOR USE → Overview → Coverage Policy → Coding Information → General Background → Health Equity Considerations → References → Revision Details,False,False,True,False,False,False,False,False,True,False,False,False,False,False,False,True
mm_0159_coveragepositioncriteria_benign_prostatic_hypertrophy_trtmt_svc.pdf,mm,15,Coverage Policy → INSTRUCTIONS FOR USE → Overview → Coverage Policy → Health Equity Considerations → General Background → Medicare Coverage Determinations → Coding Information → References → Revision Details,False,False,True,False,False,False,False,False,True,False,False,False,False,False,False,True
mm_0160_coveragepositioncriteria_electrical_stimulators.pdf,mm,82,Coverage Policy → INSTRUCTIONS FOR USE → Overview → Coverage Policy → Coding Information → General Background → Health Equity Considerations → Medicare Coverage Determinations → References → Revision Details,False,False,True,False,False,False,False,False,True,False,False,False,False,False,False,True
mm_0174_coveragepositioncriteria_biventricular_pacing_crt_for_chf.pdf,mm,37,Coverage Policy → INSTRUCTIONS FOR USE → Overview → Coverage Policy → Coding Information → General Background → Health Equity Considerations → Medicare Coverage Determinations → References → Revision Details,False,False,True,False,False,False,False,False,True,False,False,False,False,False,False,True
mm_0175_coveragepositioncriteria_fetal_surgery.pdf,mm,15,Coverage Policy → INSTRUCTIONS FOR USE → Overview → Coverage Policy → Health Equity Considerations → General Background → Medicare Coverage Determinations → Coding Information → References → Revision Details,False,False,True,False,False,False,False,False,True,False,False,False,False,False,False,True
mm_0178_coveragepositioncriteria_breast_reconstruction_follow_mast_lump.pdf,mm,49,Coverage Policy → INSTRUCTIONS FOR USE → Overview → Coverage Policy → Health Equity Considerations → General Background → Medicare Coverage Determinations → Appendix → Coding Information → References → Revision Details,False,False,True,False,False,False,False,False,True,False,False,False,False,False,False,True
mm_0184_coveragepositioncriteria_deep_brain_stimulation_for_pd_and_et.pdf,mm,45,Coverage Policy → INSTRUCTIONS FOR USE → Overview → Coverage Policy → Coding Information → General Background → Health Equity Considerations → Medicare Coverage Determinations → References → Revision Details,False,False,True,False,False,False,False,False,True,False,False,False,False,False,False,True
mm_0190_coveragepositioncriteria_cochlear_and_auditory_brainstem_implants.pdf,mm,33,Coverage Policy → INSTRUCTIONS FOR USE → Overview → Coverage Policy → Coding Information → General Background → Health Equity Considerations → Medicare Coverage Determinations → References → Revision Details,False,False,True,False,False,False,False,False,True,False,False,False,False,False,False,True
mm_0195_coveragepositioncriteria_gynecomastia_surgery.pdf,mm,9,Coverage Policy → INSTRUCTIONS FOR USE → Overview → Coverage Policy → Health Equity Considerations → General Background → Medicare Coverage Determinations → Coding Information → References → Revision Details,False,False,True,False,False,False,False,False,True,False,False,False,False,False,False,True
mm_0198_coveragepositioncriteria_continuous_passive_motion_devices.pdf,mm,14,Coverage Policy → INSTRUCTIONS FOR USE → Overview → Coverage Policy → Health Equity Considerations → General Background → Medicare Coverage Determinations → Coding Information → References → Revision Details,False,False,True,False,False,False,False,False,True,False,False,False,False,False,False,True
mm_0203_coveragepositioncriteria_in_vitro_chemosens_chemoresist_assays.pdf,mm,20,Coverage Policy → INSTRUCTIONS FOR USE → Overview → Coverage Policy → Health Equity Considerations → General Background → Medicare Coverage Determinations → Coding Information → References → Revision Details,False,False,True,False,False,False,False,False,True,False,False,False,False,False,False,True
mm_0209_coveragepositioncriteria_orthognathic_surgery.pdf,mm,13,Coverage Policy → INSTRUCTIONS FOR USE → Overview → Coverage Policy → Coding Information → General Background → Health Equity Considerations → Medicare Coverage Determinations → References → Revision Details,False,False,True,False,False,False,False,False,True,False,False,False,False,False,False,True
mm_0229_coveragepositioncriteria_home_dialysis.pdf,mm,7,Coverage Policy → INSTRUCTIONS FOR USE → Overview → Coverage Policy → Coding Information → General Background → Health Equity Considerations → Medicare Coverage Determinations → References → Revision Details,False,False,True,False,False,False,False,False,True,False,False,False,False,False,False,True
mm_0266_coveragepositioncriteria_gender_reassignment_surgery.pdf,mm,24,Coverage Policy → INSTRUCTIONS FOR USE → Overview → Coverage Policy → Procedure → Coverage Policy → Coding Information → General Background → Health Equity Considerations → Medicare Coverage Determinations → Appendix → References → Revision Details,False,False,True,False,False,False,False,False,True,False,False,False,False,False,False,True
mm_0270_coveragepositioncriteria_dynamic_posturography.pdf,mm,8,Coverage Policy → INSTRUCTIONS FOR USE → Overview → Coverage Policy → Coding Information → General Background → Health Equity Considerations → Medicare Coverage Determinations → References → Revision Details,False,False,True,False,False,False,False,False,True,False,False,False,False,False,False,True
mm_0274_coveragepositioncriteria_magnetic_res_guided_thermal_ablat_fibroids.pdf,mm,24,Coverage Policy → INSTRUCTIONS FOR USE → Overview → Coverage Policy → Coding Information → General Background → Health Equity Considerations → Medicare Coverage Determinations → References → Revision Details,False,False,True,False,False,False,False,False,True,False,False,False,False,False,False,True
mm_0276_coveragepositioncriteria_spinal_manipulation_under_anesthesia.pdf,mm,13,Coverage Policy → INSTRUCTIONS FOR USE → Overview → Coverage Policy → Coding Information → General Background → Health Equity Considerations → References → Revision Details,False,False,True,False,False,False,False,False,True,False,False,False,False,False,False,True
mm_0285_coveragepositioncriteria_total_ankle_arthroplasty.pdf,mm,15,Coverage Policy → INSTRUCTIONS FOR USE → Overview → Coverage Policy → Coding Information → General Background → Health Equity Considerations → Appendix → References → Revision Details,False,False,True,False,False,False,False,False,True,False,False,False,False,False,False,True
mm_0288_coveragepositioncriteria_small_bowel_and_multivisceral_transplant.pdf,mm,27,Coverage Policy → INSTRUCTIONS FOR USE → Overview → Coverage Policy → Coding Information → General Background → Health Equity Considerations → Appendix → References → Revision Details,False,False,True,False,False,False,False,False,True,False,False,False,False,False,False,True
mm_0300_coveragepositioncriteria_bone_mineral_density_measurement.pdf,mm,7,Coverage Policy → INSTRUCTIONS FOR USE → Overview → Coverage Policy → Health Equity Considerations → General Background → Medicare Coverage Determinations → Coding Information → References → Revision Details,False,False,True,False,False,False,False,False,True,False,False,False,False,False,False,True
mm_0309_coveragepositioncriteria_surgical_treatment_chest_wall_deformities.pdf,mm,15,Coverage Policy → INSTRUCTIONS FOR USE → Overview → Coverage Policy → Health Equity Considerations → General Background → Medicare Coverage Determinations → Coding Information → References → Revision Details,False,False,True,False,False,False,False,False,True,False,False,False,False,False,False,True
mm_0313_coveragepositioncriteria_treatment_of_cutaneous_vascular_lesions.pdf,mm,20,Coverage Policy → INSTRUCTIONS FOR USE → Overview → Coverage Policy → Health Equity Considerations → General Background → Medicare Coverage Determinations → Coding Information → References → Revision Details,False,False,True,False,False,False,False,False,True,False,False,False,False,False,False,True
mm_0315_coveragepositioncriteria_gait_analysis.pdf,mm,9,Coverage Policy → INSTRUCTIONS FOR USE → Overview → Coverage Policy → Health Equity Considerations → General Background → Medicare Coverage Determinations → Coding Information → References → Revision Details,False,False,True,False,False,False,False,False,True,False,False,False,False,False,False,True
mm_0328_coveragepositioncriteria_scar_revision.pdf,mm,17,Coverage Policy → INSTRUCTIONS FOR USE → Overview → Coverage Policy → Health Equity Considerations → General Background → Medicare Coverage Determinations → Coding Information → References → Revision Details,False,False,True,False,False,False,False,False,True,False,False,False,False,False,False,True
mm_0335_coveragepositioncriteria_otoplasty_ear_reconstruction.pdf,mm,9,Coverage Policy → INSTRUCTIONS FOR USE → Overview → Coverage Policy → Health Equity Considerations → General Background → Medicare Coverage Determinations → Coding Information → References → Revision Details,False,False,True,False,False,False,False,False,True,False,False,False,False,False,False,True
mm_0343_coveragepositioncriteria_seat_lift_mechanisms_patient_lifts.pdf,mm,10,Coverage Policy → INSTRUCTIONS FOR USE → Overview → Coverage Policy → Health Equity Considerations → General Background → Medicare Coverage Determinations → Coding Information → References → Revision Details,False,False,True,False,False,False,False,False,True,False,False,False,False,False,False,True
mm_0350_coveragepositioncriteria_vagus_nerve_stimulation.pdf,mm,23,Coverage Policy → INSTRUCTIONS FOR USE → Overview → Coverage Policy → Coding Information → General Background → Health Equity Considerations → Medicare Coverage Determinations → References → Revision Details,False,False,True,False,False,False,False,False,True,False,False,False,False,False,False,True
mm_0354_coveragepositioncriteria_lymphedema_pumps_and_sleeves.pdf,mm,28,Coverage Policy → INSTRUCTIONS FOR USE → Overview → Coverage Policy → Coding Information → General Background → Health Equity Considerations → Medicare Coverage Determinations → References → Revision Details,False,False,True,False,False,False,False,False,True,False,False,False,False,False,False,True
mm_0355_coveragepositioncriteria_liver_transplant_cadaveric_donor.pdf,mm,30,Coverage Policy → INSTRUCTIONS FOR USE → Overview → Coverage Policy → Coding Information → General Background → Health Equity Considerations → Medicare Coverage Determinations → Appendix → References → Revision Details,False,False,True,False,False,False,False,False,True,False,False,False,False,False,False,True
mm_0368_coveragepositioncriteria_pelvic_denervation_procedures.pdf,mm,9,Coverage Policy → INSTRUCTIONS FOR USE → Overview → Coverage Policy → Health Equity Considerations → General Background → Medicare Coverage Determinations → Coding Information → References → Revision Details,False,False,True,False,False,False,False,False,True,False,False,False,False,False,False,True
mm_0391_coveragepositioncriteria_diaphragmatic_phrenic_nerve_stimulation.pdf,mm,10,Coverage Policy → INSTRUCTIONS FOR USE → Overview → Coverage Policy → Health Equity Considerations → General Background → Medicare Coverage Determinations → Coding Information → References → Revision Details,False,False,True,False,False,False,False,False,True,False,False,False,False,False,False,True
mm_0398_coveragepositioncriteria_transvaginal_ultrasound.pdf,mm,19,Coverage Policy → INSTRUCTIONS FOR USE → Overview → Coverage Policy → Coding Information → General Background → Health Equity Considerations → Medicare Coverage Determinations → References → Revision Details,False,False,True,False,False,False,False,False,True,False,False,False,False,False,False,True
mm_0403_coveragepositioncriteria_surgery_for_male_sexual_dysfunction.pdf,mm,14,Coverage Policy → INSTRUCTIONS FOR USE → Overview → Coverage Policy → Health Equity Considerations → General Background → Medicare Coverage Determinations → Coding Information → References → Revision Details,False,False,True,False,False,False,False,False,True,False,False,False,False,False,False,True
mm_0404_coveragepositioncriteria_sacral_nerve_stimulation.pdf,mm,13,Coverage Policy → INSTRUCTIONS FOR USE → Overview → Coverage Policy → Coding Information → General Background → Health Equity Considerations → Medicare Coverage Determinations → References → Revision Details,False,False,True,False,False,False,False,False,True,False,False,False,False,False,False,True
mm_0415_coveragepositioncriteria_anesthesia_and_facility_services_for_dental_treatment.pdf,mm,16,Coverage Policy → INSTRUCTIONS FOR USE → Overview → Coverage Policy → Health Equity Considerations → General Background → Medicare Coverage Determinations → Coding Information → References → Revision Details,False,False,True,False,False,False,False,False,True,False,False,False,False,False,False,True
mm_0431_coveragepositioncriteria_wearable_cardioverter_defibrillator_and_aed.pdf,mm,46,Coverage Policy → INSTRUCTIONS FOR USE → Overview → Coverage Policy → Health Equity Considerations → General Background → Medicare Coverage Determinations → Coding Information → References → Revision Details,False,False,True,False,False,False,False,False,True,False,False,False,False,False,False,True
mm_0446_coveragepositioncriteria_metatarsophalangeal_joint_replacement_of_the_hallux.pdf,mm,18,Coverage Policy → INSTRUCTIONS FOR USE → Overview → Coverage Policy → Health Equity Considerations → General Background → Medicare Coverage Determinations → Coding Information → References → Revision Details,False,False,True,False,False,False,False,False,True,False,False,False,False,False,False,True
mm_0453_coveragepositioncriteria_inhaled_nitric_oxide.pdf,mm,43,Coverage Policy → INSTRUCTIONS FOR USE → Overview → Coverage Policy → Health Equity Considerations → General Background → Medicare Coverage Determinations → Coding Information → Procedure → References → Revision Details,False,False,True,False,False,False,False,False,True,False,False,False,False,False,False,True
mm_0465_coveragepositioncriteria_blood_tests_heart_transplantation_rejection.pdf,mm,26,Coverage Policy → INSTRUCTIONS FOR USE → Overview → Coverage Policy → Coding Information → General Background → Health Equity Considerations → Medicare Coverage Determinations → References → Revision Details,False,False,True,False,False,False,False,False,True,False,False,False,False,False,False,True
mm_0469_coveragepositioncriteria_transcatheter_ablation_arrhythmogenic_foci.pdf,mm,39,Coverage Policy → INSTRUCTIONS FOR USE → Overview → Coverage Policy → Coding Information → General Background → Health Equity Considerations → Medicare Coverage Determinations → Appendix → References → Revision Details,False,False,True,False,False,False,False,False,True,False,False,False,False,False,False,True
mm_0470_coveragepositioncriteria_redundant_skin_surgery.pdf,mm,9,Coverage Policy → INSTRUCTIONS FOR USE → Overview → Coverage Policy → Health Equity Considerations → General Background → Medicare Coverage Determinations → Coding Information → References → Revision Details,False,False,True,False,False,False,False,False,True,False,False,False,False,False,False,True
mm_0480_coveragepositioncriteria_balloon_sinuplasty.pdf,mm,27,Coverage Policy → INSTRUCTIONS FOR USE → Overview → Coverage Policy → Health Equity Considerations → General Background → Medicare Coverage Determinations → Coding Information → References → Revision Details,False,False,True,False,False,False,False,False,True,False,False,False,False,False,False,True
mm_0481_coveragepositioncriteria_drug_eluting_devices.pdf,mm,18,Coverage Policy → INSTRUCTIONS FOR USE → Overview → Coverage Policy → Health Equity Considerations → General Background → Medicare Coverage Determinations → Coding Information → References → Revision Details,False,False,True,False,False,False,False,False,True,False,False,False,False,False,False,True
mm_0482_coveragepositioncriteria_rosacea_procedures.pdf,mm,9,Coverage Policy → INSTRUCTIONS FOR USE → Overview → Coverage Policy → Health Equity Considerations → General Background → Medicare Coverage Determinations → Coding Information → References → Revision Details,False,False,True,False,False,False,False,False,True,False,False,False,False,False,False,True
mm_0486_coveragepositioncriteria_subtalar_arthroereisis.pdf,mm,11,Coverage Policy → INSTRUCTIONS FOR USE → Overview → Coverage Policy → Coding Information → General Background → Health Equity Considerations → Medicare Coverage Determinations → References → Revision Details,False,False,True,False,False,False,False,False,True,False,False,False,False,False,False,True
mm_0500_coveragepositioncriteria_pharmacogenetic_testing.pdf,mm,20,Coverage Policy → INSTRUCTIONS FOR USE → Overview → Coverage Policy → Coding Information → General Background → Health Equity Considerations → Medicare Coverage Determinations → References → Revision Details,False,False,True,False,False,False,False,False,True,False,False,False,False,False,False,True
mm_0501_coveragepositioncriteria_transcatheter_aortic_pulmonary_valve.pdf,mm,63,Coverage Policy → INSTRUCTIONS FOR USE → Overview → Coverage Policy → Coding Information → General Background → Medicare Coverage Determinations → Health Equity Considerations → References → Revision Details,False,False,True,False,False,False,False,False,True,False,False,False,False,False,False,True
mm_0505_coveragepositioncriteria_dermabrasion_chemicalpeels.pdf,mm,26,Coverage Policy → INSTRUCTIONS FOR USE → Overview → Coverage Policy → Health Equity Considerations → General Background → Medicare Coverage Determinations → Coding Information → Revision Details,False,False,True,False,False,False,False,False,True,False,False,False,False,False,False,True
mm_0506_coveragepositioncriteria_autonomic_nerve_function_testing.pdf,mm,15,Coverage Policy → INSTRUCTIONS FOR USE → Overview → Coverage Policy → Coding Information → General Background → Health Equity Considerations → Medicare Coverage Determinations → References → Revision Details,False,False,True,False,False,False,False,False,True,False,False,False,False,False,False,True
mm_0509_coveragepositioncriteria_intraoperativemonitoring.pdf,mm,50,Coverage Policy → INSTRUCTIONS FOR USE → Overview → Coverage Policy → Health Equity Considerations → General Background → Medicare Coverage Determinations → Coding Information → References → Revision Details,False,False,True,False,False,False,False,False,True,False,False,False,False,False,False,True
mm_0510_coveragepositioncriteria_transthoracic_echocardiography.pdf,mm,59,Coverage Policy → INSTRUCTIONS FOR USE → Overview → Coverage Policy → Coding Information → General Background → Health Equity Considerations → Medicare Coverage Determinations → Appendix → References → Revision Details,False,False,True,False,False,False,True,False,True,False,False,False,False,False,False,True
mm_0511_coveragepositioncriteria_injectable_fillers.pdf,mm,17,Coverage Policy → INSTRUCTIONS FOR USE → Overview → Coverage Policy → Health Equity Considerations → General Background → Medicare Coverage Determinations → Coding Information → References → Revision Details,False,False,True,False,False,False,False,False,True,False,False,False,False,False,False,True
mm_0514_coveragepositioncriteria_genetic_testing_repro_carrier_prenatal.pdf,mm,60,Coverage Policy → INSTRUCTIONS FOR USE → Overview → Coverage Policy → Health Equity Considerations → General Background → Appendix → Medicare Coverage Determinations → Coding Information → References → Revision Details,False,False,True,False,False,False,False,False,True,False,False,False,False,False,False,True
mm_0515_coveragepositioncriteria_musculoskeletal_procedures.pdf,mm,47,Coverage Policy → INSTRUCTIONS FOR USE → Overview → Coverage Policy → Health Equity Considerations → General Background → Medicare Coverage Determinations → Coding Information → References → Revision Details,False,False,True,False,False,False,False,False,True,False,False,False,False,False,False,True
mm_0520_coveragepositioncriteria_tumor_profiling.pdf,mm,36,Coverage Policy → INSTRUCTIONS FOR USE → Overview → Coverage Policy → Coding Information → General Background → Health Equity Considerations → Medicare Coverage Determinations → References → Revision Details,False,False,True,False,False,False,False,False,True,False,False,False,False,False,False,True
mm_0521_coveragepositioncriteria_electroencephalography.pdf,mm,18,Coverage Policy → INSTRUCTIONS FOR USE → Overview → Coverage Policy → Coding Information → General Background → Health Equity Considerations → Medicare Coverage Determinations → References → Revision Details,False,False,True,False,False,False,False,False,True,False,False,False,False,False,False,True
mm_0522_coveragepositioncriteria_athletic_pubalgia.pdf,mm,8,Coverage Policy → INSTRUCTIONS FOR USE → Overview → Coverage Policy → Health Equity Considerations → General Background → Medicare Coverage Determinations → Coding Information → References → Revision Details,False,False,True,False,False,False,False,False,True,False,False,False,False,False,False,True
mm_0523_coveragepositioncriteria_transthoracic_echo_in_children.pdf,mm,75,Coverage Policy → INSTRUCTIONS FOR USE → Overview → Coverage Policy → Coding Information → General Background → Health Equity Considerations → Medicare Coverage Determinations → References → Revision Details,False,False,True,False,False,False,True,False,True,False,False,False,False,False,False,True
mm_0525_coveragepositioncriteria_peripheral_nerve_destruction.pdf,mm,46,Coverage Policy → INSTRUCTIONS FOR USE → Overview → Coverage Policy → Coding Information → General Background → Health Equity Considerations → Medicare Coverage Determinations → References → Revision Details,False,False,True,False,False,False,False,False,True,False,False,False,False,False,False,True
mm_0526_coveragepositioncriteria_vitamin_d_testing.pdf,mm,33,Coverage Policy → INSTRUCTIONS FOR USE → Overview → Coverage Policy → Coding Information → General Background → Health Equity Considerations → Medicare Coverage Determinations → Appendix → References → Revision Details,False,False,True,False,False,False,False,False,True,False,False,False,False,False,False,True
mm_0528_coveragepositioncriteria_laser_interstitial_thermal_therapy.pdf,mm,21,Coverage Policy → INSTRUCTIONS FOR USE → Overview → Coverage Policy → Health Equity Considerations → General Background → Medicare Coverage Determinations → Coding Information → References → Revision Details,False,False,True,False,False,False,False,False,True,False,False,False,False,False,False,True
mm_0529_coveragepositioncriteria_transcatheter_ablation_treatment_supraventricular_tachycardia.pdf,mm,22,Coverage Policy → INSTRUCTIONS FOR USE → Overview → Coverage Policy → Coding Information → General Background → Health Equity Considerations → Medicare Coverage Determinations → References → Revision Details,False,False,True,False,False,False,False,False,True,False,False,False,False,False,False,True
mm_0530_coveragepositioncriteria_microbe_test_std.pdf,mm,58,Coverage Policy → INSTRUCTIONS FOR USE → Overview → Coverage Policy → Coding Information → General Background → Medicare Coverage Determinations → Health Equity Considerations → References → Revision Details,False,False,True,False,False,False,False,False,True,False,False,False,False,False,False,True
mm_0531_coveragepositioncriteria_for_lymphedema_and_lipedema.pdf,mm,47,Coverage Policy → INSTRUCTIONS FOR USE → Overview → Coverage Policy → Coding Information → General Background → Health Equity Considerations → Medicare Coverage Determinations → Appendix → References → Revision Details,False,False,True,False,False,False,False,False,True,False,False,False,False,False,False,True
mm_0532_coveragepositioncriteria_cardiac_electrophysiological_studies.pdf,mm,20,Coverage Policy → INSTRUCTIONS FOR USE → Overview → Coverage Policy → Coding Information → General Background → Health Equity Considerations → Medicare Coverage Determinations → References → Revision Details,False,False,True,False,False,False,False,False,True,False,False,False,False,False,False,True
mm_0533_coveragepositioncriteria_stem_cell_transplant_blood_cancers.pdf,mm,52,Coverage Policy → INSTRUCTIONS FOR USE → Overview → Coverage Policy → Health Equity Considerations → General Background → Medicare Coverage Determinations → Coding Information → References → Revision Details,False,False,True,False,False,False,False,True,True,False,False,False,False,False,False,True
mm_0534_coveragepositioncriteria_stem_cell_transplant_solid_tumors.pdf,mm,20,Coverage Policy → INSTRUCTIONS FOR USE → Overview → Coverage Policy → Coding Information → General Background → Health Equity Considerations → Medicare Coverage Determinations → References → Revision Details,False,False,True,False,False,False,False,True,True,False,False,False,False,False,False,True
mm_0535_coveragepositioncriteria_stem_cell_transplant_noncancer_disorders.pdf,mm,25,Coverage Policy → INSTRUCTIONS FOR USE → Overview → Coverage Policy → Coding Information → General Background → Health Equity Considerations → Medicare Coverage Determinations → References → Revision Details,False,False,True,False,False,False,False,True,True,False,False,False,False,False,False,True
mm_0536_coveragepositioncriteria_prosthetic_devices.pdf,mm,26,Coverage Policy → INSTRUCTIONS FOR USE → Overview → Coverage Policy → Coding Information → General Background → Health Equity Considerations → Medicare Coverage Determinations → Appendix → References → Revision Details,False,False,True,False,False,False,False,False,True,False,False,False,False,False,False,True
mm_0538_coveragepositioncriteria_flow_cytometry.pdf,mm,15,Coverage Policy → INSTRUCTIONS FOR USE → Overview → Coverage Policy → Coding Information → General Background → Health Equity Considerations → Medicare Coverage Determinations → References → Revision Details,False,False,True,False,False,False,False,False,True,False,False,False,False,False,False,True
mm_0539_coveragepositioncriteria_percut_periph_nerve_stim_field_stim.pdf,mm,25,Coverage Policy → INSTRUCTIONS FOR USE → Overview → Coverage Policy → Coding Information → General Background → Health Equity Considerations → Medicare Coverage Determinations → References → Revision Details,False,False,True,False,False,False,False,False,True,False,False,False,False,False,False,True
mm_0540_coveragepositioncriteria_ablation_breast.pdf,mm,14,Coverage Policy → INSTRUCTIONS FOR USE → Overview → Coverage Policy → Coding Information → General Background → Health Equity Considerations → References → Revision Details,False,False,True,False,False,False,False,False,True,False,False,False,False,False,False,True
mm_0542_coveragepositioncriteria_duplex_scan.pdf,mm,29,Coverage Policy → INSTRUCTIONS FOR USE → Overview → Coverage Policy → Coding Information → General Background → Health Equity Considerations → Medicare Coverage Determinations → References → Revision Details,False,False,True,False,False,False,False,False,True,False,False,False,False,False,False,True
mm_0543_coveragepositioncriteria_orthotic_devices_shoes.pdf,mm,72,Coverage Policy → INSTRUCTIONS FOR USE → Overview → Coverage Policy → Coding Information → General Background → Health Equity Considerations → Medicare Coverage Determinations → References → Revision Details,False,False,True,False,False,False,False,False,True,False,False,False,False,False,False,True
mm_0546_coveragepositioncriteria_home_ventilators.pdf,mm,9,Coverage Policy → INSTRUCTIONS FOR USE → Overview → Coverage Policy → Health Equity Considerations → General Background → Medicare Coverage Determinations → Coding Information → References → Revision Details,False,False,True,False,False,False,False,False,True,False,False,False,False,False,False,True
mm_0547_coveragepositioncriteria_implantable_electrocardiographic_event_monitors.pdf,mm,35,Coverage Policy → INSTRUCTIONS FOR USE → Overview → Coverage Policy → Coding Information → General Background → Health Equity Considerations → Medicare Coverage Determinations → Appendix → References → Revision Details,False,False,True,False,False,False,False,False,True,False,False,False,False,False,False,True
mm_0548_coveragepositioncriteria_scrotal_us.pdf,mm,16,Coverage Policy → INSTRUCTIONS FOR USE → Overview → Coverage Policy → Health Equity Considerations → General Background → Medicare Coverage Determinations → Coding Information → References → Revision Details,False,False,True,False,False,False,False,False,True,False,False,False,False,False,False,True
mm_0549_coveragepositioncriteria_head_neck_us.pdf,mm,26,Coverage Policy → INSTRUCTIONS FOR USE → Overview → Coverage Policy → Coding Information → General Background → Health Equity Considerations → Medicare Coverage Determinations → References → Revision Details,False,False,True,False,False,False,False,False,True,False,False,False,False,False,False,True
mm_0550_coveragepositioncriteria_soc_htr.pdf,mm,6,Coverage Policy → INSTRUCTIONS FOR USE → Overview → Coverage Policy → Coding Information → General Background → Health Equity Considerations → References → Revision Details,False,False,True,False,False,False,False,False,False,False,False,False,False,False,False,False
mm_0551_coveragepositioncriteria_anesthesia_services_for_interventional_pain_management.pdf,mm,30,Coverage Policy → INSTRUCTIONS FOR USE → Overview → Coverage Policy → Coding Information → General Background → Health Equity Considerations → Medicare Coverage Determinations → References → Revision Details,False,False,True,False,False,False,False,False,True,False,False,False,False,False,False,True
mm_0552_coveragepositioncriteria_stem_cell_therapy.pdf,mm,19,Coverage Policy → INSTRUCTIONS FOR USE → Overview → Coverage Policy → Coding Information → General Background → Health Equity Considerations → Medicare Coverage Determinations → References → Revision Details,False,False,True,False,False,False,False,False,True,False,False,False,False,False,False,True
mm_0554_coveragepositioncriteria_fess_turbinectomy.pdf,mm,37,Coverage Policy → INSTRUCTIONS FOR USE → Overview → Coverage Policy → Coding Information → General Background → Health Equity Considerations → References → Revision Details,False,False,True,False,False,False,False,False,True,False,False,False,False,False,False,True
mm_0555_coveragepositioncriteria_ambulance_services.pdf,mm,7,Coverage Policy → INSTRUCTIONS FOR USE → Overview → Coverage Policy → Coding Information → General Background → Health Equity Considerations → Medicare Coverage Determinations → References → Revision Details,False,False,True,False,False,False,False,False,True,False,False,False,False,False,False,True
mm_0557_coveragepositioncriteria_in_vitro_diagnostic_testing.pdf,mm,22,Coverage Policy → INSTRUCTIONS FOR USE → Overview → Coverage Policy → Coding Information → General Background → Health Equity Considerations → Medicare Coverage Determinations → References → Revision Details,False,False,True,False,False,False,False,False,True,False,False,False,False,False,False,True
mm_0558_coveragepositioncriteria_category_iii_codes.pdf,mm,8,Coverage Policy → INSTRUCTIONS FOR USE → Overview → Coverage Policy → Coding Information → General Background → Coverage Policy → Health Equity Considerations → Medicare Coverage Determinations → References → Revision Details,False,False,True,False,False,False,False,False,True,False,False,False,False,False,False,True
mm_0560_coveragepositioncriteria_vascularized_composite_allograft.pdf,mm,11,Coverage Policy → INSTRUCTIONS FOR USE → Overview → Coverage Policy → Coding Information → General Background → Health Equity Considerations → Medicare Coverage Determinations → References → Revision Details,False,False,True,False,False,False,False,False,True,False,False,False,False,False,False,True
mm_0563_coveragepositioncriteria_remote_patient_monitoring_and_remote_therapeutic_monitoring.pdf,mm,19,Coverage Policy → INSTRUCTIONS FOR USE → Overview → Coverage Policy → Coding Information → General Background → Health Equity Considerations → Appendix → References → Revision Details,False,False,True,False,False,False,False,False,True,False,False,False,False,False,False,True
mm_0565_coveragepositioncriteria_prescription_digital_therapy.pdf,mm,14,Coverage Policy → INSTRUCTIONS FOR USE → Overview → Coverage Policy → Health Equity Considerations → General Background → Medicare Coverage Determinations → Coding Information → References → Revision Details,False,False,True,False,False,False,False,False,True,False,False,False,False,False,False,True
mm_0567_coveragepositioncriteria_serum_folate_rbc_folate_testing.pdf,mm,21,Coverage Policy → INSTRUCTIONS FOR USE → Overview → Coverage Policy → Coding Information → General Background → Health Equity Considerations → Medicare Coverage Determinations → References → Revision Details,False,False,True,False,False,False,False,False,True,False,False,False,False,False,False,True
mm_0573_coveragepositioncriteria_proact_act.pdf,mm,12,Coverage Policy → INSTRUCTIONS FOR USE → Overview → Coverage Policy → Health Equity Considerations → General Background → Medicare Coverage Determinations → Coding Information → References → Revision Details,False,False,True,False,False,False,False,False,True,False,False,False,False,False,False,True
mm_0574_coveragepositioncriteria_cardiac_omnibus.pdf,mm,33,Coverage Policy → INSTRUCTIONS FOR USE → Overview → Coverage Policy → Coding Information → General Background → Health Equity Considerations → Medicare Coverage Determinations → Appendix → References → Revision Details,False,False,True,False,False,False,False,False,True,False,False,False,False,False,False,True
mm_0575_coveragepositioncriteria_rfa_thyroid.pdf,mm,16,Coverage Policy → INSTRUCTIONS FOR USE → Overview → Coverage Policy → Coding Information → General Background → Health Equity Considerations → Medicare Coverage Determinations → References → Revision Details,False,False,True,False,False,False,False,False,True,False,False,False,False,False,False,True
mm_0576_coveragepositioncriteria_secca.pdf,mm,6,Coverage Policy → INSTRUCTIONS FOR USE → Overview → Coverage Policy → Coding Information → General Background → Health Equity Considerations → Medicare Coverage Determinations → References → Revision Details,False,False,True,False,False,False,False,False,True,False,False,False,False,False,False,True
mm_0577_coveragepositioncriteria_mivu.pdf,mm,6,Coverage Policy → INSTRUCTIONS FOR USE → Overview → Coverage Policy → Coding Information → General Background → Health Equity Considerations → Medicare Coverage Determinations → References → Revision Details,False,False,True,False,False,False,False,False,True,False,False,False,False,False,False,True
mm_0578_coveragepositioncriteria_wats3d.pdf,mm,15,Coverage Policy → INSTRUCTIONS FOR USE → Overview → Coverage Policy → Coding Information → General Background → Health Equity Considerations → Medicare Coverage Determinations → References → Revision Details,False,False,True,False,False,False,False,False,True,False,False,False,False,False,False,True
mm_0579_coveragepositioncriteria_anesthesia_services_selected_nerve_blocks.pdf,mm,8,Coverage Policy → INSTRUCTIONS FOR USE → Overview → Coverage Policy → Health Equity Considerations → General Background → Medicare Coverage Determinations → Coding Information → References → Revision Details,False,False,True,False,False,False,False,False,True,False,False,False,False,False,False,True
mm_0581_coveragepositioncriteria_therabionic.pdf,mm,6,Coverage Policy → INSTRUCTIONS FOR USE → Overview → Coverage Policy → Health Equity Considerations → General Background → Medicare Coverage Determinations → Coding Information → References → Revision Details,False,False,True,False,False,False,False,False,True,False,False,False,False,False,False,True
mm_0582_coveragepositioncriteria_circumcision.pdf,mm,18,Coverage Policy → INSTRUCTIONS FOR USE → Overview → Coverage Policy → Health Equity Considerations → General Background → Medicare Coverage Determinations → Coding Information → References → Revision Details,False,False,True,False,False,False,False,False,True,False,False,False,False,False,False,True
mm_0584_coveragepositioncriteria_intraoral_prosthesis.pdf,mm,9,Coverage Policy → INSTRUCTIONS FOR USE → Overview → Coverage Policy → Health Equity Considerations → General Background → Medicare Coverage Determinations → Coding Information → References → Revision Details,False,False,True,False,False,False,False,False,True,False,False,False,False,False,False,True
mm_0585_coveragepositioncriteria_dental_implants.pdf,mm,8,Coverage Policy → INSTRUCTIONS FOR USE → Overview → Coverage Policy → Health Equity Considerations → General Background → Medicare Coverage Determinations → Coding Information → References → Revision Details,False,False,True,False,False,False,False,False,True,False,False,False,False,False,False,True
mm_0586_coveragepositioncriteria_alveoloplasty.pdf,mm,7,Coverage Policy → INSTRUCTIONS FOR USE → Overview → Coverage Policy → Health Equity Considerations → General Background → Medicare Coverage Determinations → Coding Information → References → Revision Details,False,False,True,False,False,False,False,False,True,False,False,False,False,False,False,True
mm_0587_coveragepositioncriteria_openneuroplastylumbarplexus.pdf,mm,4,Coverage Policy → INSTRUCTIONS FOR USE → Overview → Coverage Policy → Health Equity Considerations → General Background → Medicare Coverage Determinations → Coding Information → References → Revision Details,False,False,True,False,False,False,False,False,True,False,False,False,False,False,False,True
mm_0600_coveragepositioncriteria_physical_occupational_soc.pdf,mm,5,Coverage Policy → INSTRUCTIONS FOR USE → Overview → Coverage Policy → Health Equity Considerations → General Background → Medicare Coverage Determinations → Coding Information → References → Revision Details,False,False,True,False,False,False,False,False,False,False,False,False,False,False,False,True
mm_0604_coveragepositioncriteria_labtesting.pdf,mm,50,Coverage Policy → INSTRUCTIONS FOR USE → Overview → Coverage Policy → Coding Information → General Background → Health Equity Considerations → References → Revision Details,False,False,True,False,False,False,False,False,True,False,False,False,False,False,False,True
um20-network-adequacy-provision.pdf,um20-network-adequacy-provision.pdf,79,Scope → General Background → Definitions → State/Federal Guidelines → Standard Procedure → Attachments,False,False,False,False,False,False,False,False,False,False,False,False,False,False,False,True
um35-transition-of-care-service-requests-for-new-customers.pdf,um35-transition-of-care-service-requests-for-new-customers.pdf,11,Scope → General Background → Definitions → State/Federal Guidelines → Standard Procedure,False,False,False,False,False,False,False,False,False,False,False,False,False,False,False,True
um41-continuity-of-care-service-requests.pdf,um41-continuity-of-care-service-requests.pdf,14,Scope → General Background → Definitions → State/Federal Guidelines → Standard Procedure,False,False,False,False,False,False,False,False,False,False,False,False,False,False,False,True
um47-lack-of-information-retrospective-review.pdf,um47-lack-of-information-retrospective-review.pdf,4,Scope → General Background → Definitions → State/Federal Guidelines → Standard Procedure,False,False,False,False,False,False,False,False,False,False,False,False,False,False,False,False
um49-lack-of-information-pre-service.pdf,um49-lack-of-information-pre-service.pdf,7,Scope → General Background → Definitions → State/Federal Guidelines → Standard Procedure,False,False,False,False,False,False,False,False,False,False,False,False,False,False,False,False
